{"cameraMode":{"drawMode":0,"name":"Shaded","section":"Shading Mode"},"sceneLighting":true,"audioPlay":false,"sceneViewState":{"showFog":true,"showMaterialUpdate":false,"showSkybox":true,"showFlares":true,"showImageEffects":true,"showParticleSystems":true},"in2DMode":false,"pivot":{"x":-11.376904487609864,"y":4.381185531616211,"z":4.078271865844727},"rotation":{"x":0.03131873533129692,"y":0.905380129814148,"z":-0.06876624375581742,"w":0.4185953736305237},"size":10.0,"orthographic":false}